{
  "Total" : {
    "transaction" : "Total",
    "sampleCount" : 22176,
    "errorCount" : 0,
    "errorPct" : 0.0,
    "meanResTime" : 1294.2676767676626,
    "medianResTime" : 802.0,
    "minResTime" : 276.0,
    "maxResTime" : 104702.0,
    "pct1ResTime" : 2345.9000000000015,
    "pct2ResTime" : 3520.0,
    "pct3ResTime" : 7401.780000000035,
    "throughput" : 22.322727286453862,
    "receivedKBytesPerSec" : 798.2705302421567,
    "sentKBytesPerSec" : 23.12832226694815
  },
  "Search for Test" : {
    "transaction" : "Search for Test",
    "sampleCount" : 22175,
    "errorCount" : 0,
    "errorPct" : 0.0,
    "meanResTime" : 1294.236482525364,
    "medianResTime" : 802.0,
    "minResTime" : 276.0,
    "maxResTime" : 104702.0,
    "pct1ResTime" : 2345.9000000000015,
    "pct2ResTime" : 3520.0,
    "pct3ResTime" : 7401.780000000035,
    "throughput" : 22.36957052442142,
    "receivedKBytesPerSec" : 799.9786212744073,
    "sentKBytesPerSec" : 23.1774923597955
  },
  "Get Access Token " : {
    "transaction" : "Get Access Token ",
    "sampleCount" : 1,
    "errorCount" : 0,
    "errorPct" : 0.0,
    "meanResTime" : 1986.0,
    "medianResTime" : 1986.0,
    "minResTime" : 1986.0,
    "maxResTime" : 1986.0,
    "pct1ResTime" : 1986.0,
    "pct2ResTime" : 1986.0,
    "pct3ResTime" : 1986.0,
    "throughput" : 0.5035246727089627,
    "receivedKBytesPerSec" : 1.5563042862537764,
    "sentKBytesPerSec" : 0.20406517497482377
  }
}